headline,url
,https://english.elpais.com
,https://english.elpais.com
,https://english.elpais.com
Honduras’ ruling party says Trump’s support for conservatives may backfire,https://english.elpais.com
,https://english.elpais.com
,https://english.elpais.com
,https://english.elpais.com
,https://english.elpais.com
,https://english.elpais.com
,https://english.elpais.com
"Giuliano da Empoli: ‘The key to Trump’s success is moving fast and spectacularly, even when he contradicts himself’",https://english.elpais.com
,https://english.elpais.com
"Westlife’s comeback: The boy band that overcame bankruptcy, mental health struggles and fading fame",https://english.elpais.com
"Yony Hung, who delighted NYC with his Venezuelan-Chinese fried rice, opens restaurant in Madrid",https://english.elpais.com
‘Wicked’ and the controversial practice of splitting a film in two: ‘It’s like releasing the same thing twice’,https://english.elpais.com
,https://english.elpais.com
,https://english.elpais.com
,https://english.elpais.com
,https://english.elpais.com
,https://english.elpais.com
,https://english.elpais.com
,https://english.elpais.com
,https://english.elpais.com
,https://english.elpais.com
,https://english.elpais.com
,https://english.elpais.com
,https://english.elpais.com
,https://english.elpais.com
,https://english.elpais.com
Creators of highly anticipated ‘Zootopia 2′: ‘We always knew we wanted to return to that world’,https://english.elpais.com
,https://english.elpais.com
,https://english.elpais.com
,https://english.elpais.com
,https://english.elpais.com
,https://english.elpais.com
,https://english.elpais.com
,https://english.elpais.com
,https://english.elpais.com
,https://english.elpais.com
,https://english.elpais.com
Listen now LOS40 USA,https://los40.us/
"De La Rose anuncia su primer álbum ‘FX de La Rose’: significado, concepto y tracklist",https://los40.us/2025/de-la-rose-anuncia-su-primer-album-fx-de-la-rose-significado-concepto-y-tracklist-40886.html
¿De quién habla Rosalía en su canción ‘La Perla’?,https://los40.us/2025/de-quien-habla-rosalia-en-su-cancion-la-perla-40846.html
EL PAÍS offers free Spanish lessons with Gymglish,https://english.elpais.com
,https://english.elpais.com
"
",https://english.elpais.com
,https://english.elpais.com
,https://english.elpais.com
,https://english.elpais.com
,https://english.elpais.com
,https://english.elpais.com
An economic paradox: When savings are both a good and a bad idea,https://english.elpais.com
The renovation that has kept the hotel from ‘Some Like It Hot’ as pristine as it was nearly 140 years ago,https://english.elpais.com
,https://english.elpais.com
,https://english.elpais.com
,https://english.elpais.com
,https://english.elpais.com
,https://english.elpais.com
,https://english.elpais.com
"Climbing without a rope, between freedom and psychopathy",https://english.elpais.com
